Zone Type,Zone ID,Zone Name,Zone Is Pass-Through,Zone Direction (degrees),Zone is Bi-Direction,Fingerprint1,Fingerprint2
Origin,4607888,A4607888,yes,36,yes,0,736454802231726
Origin,4730699,A4730699,yes,88,yes,0,737305205604682
Origin,4933881,A4933881,yes,52,yes,0,736375345396016
Origin,5105323,A5105323,yes,311,yes,0,736398967689578
Origin,5190933,A5190933,yes,97,yes,0,736289446146478
Origin,5190936,A5190936,yes,94,yes,0,736386082802014
Origin,5190939,A5190939,yes,360,yes,0,736521374212526
Origin,5190956,A5190956,yes,124,yes,0,736418295026094
Origin,N/A,5th Street / 18389875 / 3,yes,3,yes,188750682389040969,-2346537413554227265
Origin,N/A,5th Street / 18390302 / 1,yes,2,yes,188750682391138121,-2346519821368182843
Origin,N/A,Cardinal Street / 18388934 / 1,yes,3,yes,188524732784660195,2265478457507952697
Origin,N/A,Cardinal Street / 764286246 / 1,yes,3,yes,188524732790427363,2265478457501661281
Origin,N/A,East 175th Street / 463244888 / 3,yes,81,yes,188474705050685120,6877542707836729571
Origin,N/A,Gamble Avenue / 18390194 / 1,yes,93,yes,188747933611020103,2265170595105716159
Origin,N/A,Gamble Avenue / 18390194 / 2,yes,94,yes,188751781901717321,-2346519821359794241
Origin,N/A,secondary / 450135332 / 1,yes,27,yes,188534628397698790,-2346181172604716949
Origin,N/A,secondary / 77454916 / 3,yes,28,yes,188530230345944805,6877151281812584531
Origin,N/A,secondary_link / 18388591 / 1,yes,29,yes,188532429368151781,6877151281823070291
Origin,N/A,service / 749380369 / 1,yes,177,yes,188549471796809454,6877129291651332167
Origin,N/A,South First Street / 719351865 / 1,yes,119,yes,188529130837462755,6877208456427714643
Origin,N/A,South First Street / 719359682 / 1,yes,139,yes,188520334749683423,6877265630998804577
Origin,N/A,State Highway 58 / 525291228 / 1,yes,102,yes,188541225462222567,6877177670158760009
Origin,N/A,State Highway 58 / 525291228 / 3,yes,102,yes,188554969355472622,-6957906773360527293
Origin,N/A,Walker Road / 18393937 / 2,yes,3,yes,188550021556817646,6877155679930398813
Origin,N/A,Wyoming Street / 525290880 / 1,yes,49,yes,188512088420863709,2265619194941782161
